25
Theodora,Casino,2006,tcasino0@scientificamerican.com,Indonesia
Padget,Shuard,2008,pshuard1@posterous.com,Brazil
Karina,Geaney,2011,kgeaney2@foxnews.com,Brazil
Joye,Hearse,1994,jhearse3@ft.com,Hungary
Morten,Leverton,2013,mleverton4@zimbio.com,Argentina
Liesa,Burgane,1992,lburgane5@shop-pro.jp,China
Carmen,Darcey,1997,cdarcey6@webeden.co.uk,Thailand
Lucilia,Empringham,1987,lempringham7@ox.ac.uk,China
Cullen,Geldeard,1998,cgeldeard8@ow.ly,Honduras
Malanie,Pember,1981,mpember9@who.int,Philippines
Constantina,Zapata,1989,czapataa@google.cn,Spain
Gabi,McKim,2011,gmckimb@engadget.com,China
Freddy,Fortescue,2006,ffortescuec@blog.com,China
Mina,Blann,1992,mblannd@apache.org,Philippines
Cordy,Hustings,1995,chustingse@reference.com,Uzbekistan
Aluino,MacRannell,1976,amacrannellf@miitbeian.gov.cn,Portugal
Sonnie,Capun,1979,scapung@taobao.com,Indonesia
Dom,Kirsopp,2008,dkirsopph@prnewswire.com,Sweden
Iago,Moorerud,2009,imoorerudi@joomla.org,Indonesia
Jaquelin,Mandeville,2010,jmandevillej@alexa.com,China
Madelyn,Gehrtz,2004,mgehrtzk@feedburner.com,Japan
Alana,Buntain,2013,abuntainl@marketwatch.com,China
Julianna,Botler,1988,jbotlerm@thetimes.co.uk,Brazil
Phoebe,Castan,2005,pcastann@imgur.com,Mexico
Auberta,Skoggins,1984,askogginso@i2i.jp,Ukraine
